epoch,egitim_kayip,egitim_dogruluk,dogrulama_kayip,dogrulama_dogruluk
1,1.4028389503688166,0.616589676641896,1.3093456046749847,0.7555555555555555
2,1.0568433195789504,0.804177545691906,1.27578034930759,0.7616161616161616
3,0.9433875138871185,0.8698533842136975,1.261985759542446,0.7535353535353535
4,0.8795890319680181,0.9128339023900381,1.1924569809075558,0.8141414141414142
5,0.8400563836744163,0.9264912633058847,1.2281517760922211,0.7828282828282829
6,0.8260444383301345,0.9357300662783692,1.188863910569085,0.8
7,0.7940508111530242,0.9501908013657361,1.1874317701416786,0.796969696969697
8,0.7842503125276353,0.9536051415946978,1.1152946436043942,0.8242424242424242
9,0.7646837855084494,0.9628439445671821,1.1417841908907649,0.806060606060606
10,0.757067589569245,0.9702751556537458,1.1031335315319022,0.8323232323232324
11,0.7458421599077254,0.9720827475396666,1.1264058864477908,0.8242424242424242
12,0.7365213364667983,0.9785097409118297,1.089602683409296,0.8464646464646465
13,0.7301330231212425,0.9799156457119904,1.061233816724835,0.8545454545454545
14,0.7226499395452846,0.9835308294838321,1.0989510431434169,0.8414141414141414
15,0.7299805807765647,0.9803173327977506,1.1054330628327649,0.8383838383838383
16,0.7183872544878002,0.9851375778268728,1.0970912102496986,0.8464646464646465
17,0.7137338723085759,0.9859409519983933,1.10102626458563,0.8303030303030303
18,0.7101657691311228,0.9855392649126331,1.1038239033535273,0.8313131313131313
19,0.7025943955495957,0.9905603534846354,1.1301875357676034,0.8262626262626263
20,0.705545653406696,0.9907611970275155,1.0526750783727628,0.8616161616161616
21,0.7023481358172641,0.9895561357702349,1.081420779709864,0.8484848484848485
22,0.695481433174557,0.9907611970275155,1.0561301822614189,0.8636363636363636
23,0.6972982005245548,0.991765414741916,1.0349386061080779,0.8707070707070707
24,0.6936514001099502,0.991765414741916,1.0857667948260452,0.8494949494949495
25,0.6916405743062436,0.9947780678851175,1.0809872665790596,0.8515151515151516
26,0.6925017411604921,0.9919662582847961,1.0690787103441026,0.8525252525252526
27,0.6926463243592142,0.9925687889134365,1.0571478658252291,0.8606060606060606
28,0.6905447965310888,0.9949789114279975,1.0544010739133816,0.8616161616161616
29,0.6911761789681994,0.9925687889134365,1.0727032177376024,0.8595959595959596
30,0.6898404541061595,0.9931713195420767,1.0714053276813391,0.8606060606060606
